Region,Sales
South,391720.905
Central,501239.890800001
East,678781.239999999
West,725457.824500002
